{
  "resources": [
    "output.ogg",
    "output.m4a",
    "output.mp3",
    "output.ac3"
  ],
  "spritemap": {
    "click": {
      "start": 0,
      "end": 0.6,
      "loop": false
    },
    "collect5": {
      "start": 2,
      "end": 4.583968253968254,
      "loop": false
    },
    "claps": {
      "start": 6,
      "end": 117.70065759637188,
      "loop": false
    },
    "downstairs": {
      "start": 119,
      "end": 119.43340136054422,
      "loop": false
    },
    "growl": {
      "start": 121,
      "end": 122.64238095238095,
      "loop": false
    },
    "ice": {
      "start": 124,
      "end": 124.53689342403628,
      "loop": false
    },
    "jump": {
      "start": 126,
      "end": 126.6,
      "loop": false
    },
    "party": {
      "start": 128,
      "end": 144.065306122449,
      "loop": false
    },
    "penguin": {
      "start": 146,
      "end": 147,
      "loop": false
    },
    "pickup": {
      "start": 148,
      "end": 148.47380952380954,
      "loop": false
    },
    "spacebar": {
      "start": 150,
      "end": 151.98888888888888,
      "loop": false
    },
    "upstairs": {
      "start": 153,
      "end": 153.4542403628118,
      "loop": false
    },
    "whoosh": {
      "start": 155,
      "end": 155.6791836734694,
      "loop": false
    }
  }
}